{
    "ID": 1,
    "Number": 3,
    "Type": 1,
    "X": -19.851386468957866,
    "Y": 93.07298742859317,
    "Z": 67.1004736768822
}
